,beta_eta_ae,beta_eta_lsa,beta_eta_dsa,beta_eta_msa,beta_sigma
0,0.016211471096460803,0.005362796744415416,-0.005517203628660796,-0.001792296617871339,-0.0017473171337938956
1,0.016211471096460803,0.005362796744415416,-0.005517203628660796,-0.001792296617871339,-0.0017473171337938956
