,beta_eta_ae,beta_eta_lsa,beta_eta_dsa,beta_eta_msa,beta_sigma
0,-0.006125343814599564,-0.006342564755717046,0.014257796370954045,-0.004702589249077689,-0.004679972786007774
1,-0.006125343814599564,-0.006342564755717046,0.014257796370954045,-0.004702589249077689,-0.004679972786007774
